z,tip,sleeve
0.025,13.7644,48.9334
0.05,55.0427,68.6599
0.075,50.4913,88.3865
0.1,32.7215,98.6328
0.125,33.5907,145.0764
0.15,35.3423,190.6582
0.175,37.2075,261.8078
0.2,33.023,189.126
0.225,25.4033,279.8107
0.25,23.3764,218.8116
0.275,24.6497,292.451
0.3,20.0076,252.2318
0.325,16.2258,242.3686
0.35,16.8088,243.9007
0.375,14.2164,238.4424
0.4,10.3038,205.1179
0.425,9.2564,206.0755
0.45,9.1471,198.0317
0.475,8.3258,189.126
0.5,7.6469,166.5266
0.525,7.3034,117.306
0.55,6.9069,99.7819
0.575,6.3453,83.9815
0.6,5.7629,69.9048
0.625,5.3022,58.7009
0.65,4.9841,52.285
0.675,4.7039,46.5394
0.7,4.4822,42.3259
0.725,4.3255,38.8786
0.75,4.2262,36.4846
0.775,4.0963,33.899
0.8,3.9996,32.5584
0.825,3.9148,31.6966
0.85,3.8536,31.2178
0.875,3.8348,29.7814
0.9,3.8323,29.7814
0.925,3.8509,30.0686
0.95,3.9333,29.9729
0.975,4.0483,30.9305
1,4.2121,31.505
1.025,4.2967,32.9414
1.05,4.3718,33.3245
1.075,4.4649,31.505
1.1,4.6357,33.516
1.125,4.9089,36.1015
1.15,5.0846,40.698
1.175,5.6715,47.2097
1.2,5.9854,54.3917
1.225,6.1836,64.7338
1.25,6.5095,77.3741
1.275,6.8397,96.6218
1.3,7.2282,122.094
1.325,7.5149,154.6524
1.35,7.7512,172.2722
1.375,7.8539,182.4228
1.4,7.8058,209.2356
1.425,7.8573,216.5134
1.45,7.9087,216.2261
1.475,7.9226,213.066
1.5,7.9582,211.4381
1.525,7.8223,209.0441
1.55,7.4941,210.0017
1.575,7.1334,209.9059
1.6,6.8786,205.884
1.625,6.2352,202.0536
1.65,6.1945,192.8606
1.675,6.3588,180.1246
1.7,6.6615,166.3351
1.725,7.0142,160.8768
1.75,7.289,160.2065
1.775,7.4342,162.2174
1.8,7.2441,166.2394
1.825,6.8261,171.1231
1.85,6.23,181.1779
1.875,5.9247,187.4023
1.9,5.7914,182.327
1.925,5.3703,171.0274
1.95,5.418,165.8563
1.975,6.0943,168.6334
2,6.5696,159.2489
2.025,6.4229,145.3637
2.05,6.5156,135.8834
2.075,6.5345,132.8191
2.1,6.4448,150.822
2.125,6.2394,161.0683
2.15,6.441,158.004
2.175,6.6781,157.1422
2.2,7.3931,155.8015
2.225,7.5022,165.9521
2.25,7.5178,178.0178
2.275,7.4552,190.9454
2.3,7.184,202.9154
2.325,6.6145,203.9688
2.35,6.2664,203.5858
2.375,6.5695,200.5214
2.4,6.785,198.8935
2.425,6.9807,190.6582
2.45,6.8184,182.5186
2.475,6.6025,181.561
2.5,6.455,181.0822
2.525,6.317,181.7525
2.55,6.3114,185.6786
2.575,6.2539,193.7225
2.6,6.2224,199.5638
2.625,6.2074,199.9469
2.65,5.9302,190.1794
2.675,6.3187,179.167
2.7,6.6168,171.4104
2.725,6.6938,176.3899
2.75,6.9796,186.0617
2.775,6.9658,191.7115
2.8,6.0086,186.0617
2.825,5.3978,193.1479
2.85,5.584,193.8182
2.875,5.8228,187.8811
2.9,5.6283,180.4118
2.925,5.6168,176.1984
2.95,5.9944,180.4118
2.975,5.8603,170.6443
3,6.113,170.2613
3.025,7.6217,170.4528
3.05,9.4809,166.7182
3.075,10.0567,183.1889
3.1,10.4305,178.3051
3.125,11.2138,181.6567
3.15,11.3908,191.52
3.175,9.6887,194.6801
3.2,9.5667,198.6062
3.225,9.2294,207.0331
3.25,8.8821,218.7158
3.275,8.3785,236.3357
3.3,8.648,228.1961
3.325,8.8647,220.631
3.35,8.5984,222.1632
3.375,8.4473,230.4943
3.4,8.0649,239.783
3.425,7.9056,254.9131
3.45,8.5938,245.0498
3.475,8.5011,230.5901
3.5,8.7451,226.0894
3.525,9.3187,224.1742
3.55,9.2473,219.0989
3.575,9.4071,218.0455
3.6,9.43,213.8321
3.625,9.4409,203.873
3.65,9.49,212.683
3.675,9.7303,225.5148
3.7,10.0408,234.4205
3.725,10.313,247.6354
3.75,10.5711,250.0294
3.775,10.9533,247.4438
3.8,11.8088,252.3276
3.825,12.2169,255.8707
3.85,12.4259,256.0622
3.875,12.4568,257.8817
3.9,12.468,258.4562
3.925,12.8577,263.0527
3.95,13.2952,271.7669
3.975,13.5837,280.9598
4,13.8143,287.3758
4.025,14.2078,302.1228
4.05,14.5876,316.7741
4.075,14.7892,325.584
4.1,14.8294,320.1257
4.125,14.5401,315.2419
4.15,14.1496,315.2419
4.175,13.6713,310.2624
4.2,13.7492,302.8889
4.225,13.8271,303.0804
4.25,14.3388,306.2405
4.275,14.9868,308.1557
4.3,15.3499,313.997
4.325,15.3762,324.0518
4.35,15.1364,333.9151
4.375,14.8234,344.736
4.4,14.6807,353.3544
4.425,15.1385,360.1534
4.45,15.4782,362.4516
4.475,15.471,363.505
4.5,15.4001,372.6979
4.525,15.2498,375.1877
4.55,15.3617,376.8156
4.575,15.3573,371.7403
4.6,16.1697,366.7608
4.625,16.338,373.081
4.65,16.4212,380.263
4.675,16.5486,378.9223
4.7,16.8153,382.4654
4.725,16.6875,386.7746
4.75,16.5972,392.1372
4.775,16.7359,399.8938
4.8,17.2379,409.374
4.825,18.1439,424.9829
4.85,19.2716,438.5808
4.875,20.0827,457.5413
4.9,20.2265,471.1392
4.925,19.5954,474.5866
4.95,18.889,467.6918
4.975,17.9472,454.477
5,16.9324,430.8242
5.025,16.1981,414.162
5.05,15.5923,403.5326
5.075,15.192,341.3844
5.1,14.804,333.0533
5.125,14.4595,329.0314
5.15,14.1155,297.8136
5.175,14.1554,293.2171
5.2,14.1143,291.4934
5.225,13.6624,290.7274
5.25,13.4122,293.0256
5.275,13.7101,300.4949
5.3,14.1269,310.4539
5.325,14.647,320.796
5.35,15.4893,320.796
5.375,15.8925,339.1819
5.4,16.0777,352.1095
5.425,16.1747,365.5159
5.45,16.1747,371.5488
5.475,16.0102,379.2096
5.5,15.7355,382.9442
5.525,15.463,378.9223
5.55,15.2884,378.0605
5.575,14.8969,371.6446
5.6,14.526,368.1014
5.625,14.5764,368.1972
5.65,14.7075,368.1972
5.675,14.9351,366.0905
5.7,15.4082,367.5269
5.725,15.6651,376.0495
5.75,15.7518,395.01
5.775,16.3757,427.9514
5.8,17.1973,450.8381
5.825,17.9898,472.2883
5.85,18.3511,491.2488
5.875,18.0758,516.3379
5.9,18.0127,514.5185
5.925,18.0662,498.1435
5.95,18.2754,473.4374
5.975,18.2624,449.4017
6,18.2233,413.3959
6.025,18.1945,376.7198
6.05,17.7224,350.6731
6.075,17.1529,324.7222
6.1,16.3545,307.6769
6.125,15.7057,288.0461
6.15,15.6873,285.269
6.175,15.6688,296.7602
6.2,16.0929,313.7098
6.225,16.5967,327.595
6.25,17.1481,342.1505
6.275,17.4294,357.8551
6.3,17.5196,379.1138
6.325,17.6755,388.7856
6.35,17.9941,399.798
6.375,18.2081,406.2139
6.4,18.3684,427.2811
6.425,18.5075,440.113
6.45,18.4896,449.4974
6.475,18.4954,459.648
6.5,18.2491,466.0639
6.525,18.0314,473.7247
6.55,17.6425,473.8205
6.575,17.2481,467.4046
6.6,16.8766,457.8286
6.625,16.3583,453.6151
6.65,16.3794,457.4455
6.675,16.9527,460.2226
6.7,17.7611,479.7576
6.725,18.2511,492.2064
6.75,18.4691,489.4294
6.775,18.0865,486.1735
6.8,17.0891,484.8329
6.825,16.2316,476.3102
6.85,15.4943,469.7986
6.875,15.4547,471.618
6.9,15.9504,489.6209
6.925,17.1136,508.9644
6.95,18.7856,535.0111
6.975,19.5542,568.9102
7,19.5047,562.6858
7.025,19.276,556.3656
7.05,18.9191,556.2698
7.075,18.4743,546.9811
7.1,18.3423,535.4899
7.125,18.2103,535.9687
7.15,18.6529,536.639
7.175,19.0291,548.226
7.2,19.2222,574.8473
7.225,19.1733,599.0746
7.25,18.7577,628.4729
7.275,18.5514,641.4962
7.3,18.3139,639.6768
7.325,18.1263,639.4853
7.35,17.9785,647.1461
7.375,18.2129,674.5334
7.4,18.5788,693.5897
7.425,18.694,724.8074
7.45,19.3269,747.7898
7.475,20.0438,772.9747
7.5,20.4865,797.585
7.525,20.8695,887.791
7.55,19.991,1023.6744
7.575,18.9071,1047.3271
7.6,18.2821,1047.3271
7.625,16.6218,1023.2914
7.65,16.0361,968.1336
7.675,17.0242,916.902
7.7,17.0242,863.6594
7.725,18.6555,832.1544
7.75,20.6429,820.5674
7.775,20.7826,803.1391
7.8,20.5457,818.6522
7.825,20.4653,833.3993
7.85,20.2044,825.547
7.875,19.6653,835.7933
7.9,19.2901,857.5308
7.925,18.7875,828.5155
7.95,18.37,793.9462
7.975,18.6699,764.069
8,18.9022,702.6869
8.025,18.5905,683.0561
8.05,18.9766,665.6278
8.075,19.0049,671.7564
8.1,19.5631,677.885
8.125,20.1737,718.4873
8.15,21.3502,727.9675
8.175,19.1567,722.2219
8.2,17.3021,724.9032
8.225,16.4512,745.1086
8.25,16.6929,737.1605
8.275,16.9958,709.1986
8.3,17.6031,688.8017
8.325,18.9363,698.1862
8.35,20.6722,708.241
8.375,20.2218,707.5706
8.4,19.7201,709.007
8.425,19.0899,730.0742
8.45,19.1885,727.0099
8.475,19.2607,702.4954
8.5,19.2186,688.3229
8.525,18.9657,688.1314
8.55,19.3112,691.3872
8.575,20.1154,684.9713
8.6,19.9559,660.361
8.625,19.6914,643.7945
8.65,19.5462,645.9012
8.675,19.2884,673.1928
8.7,19.6738,687.7483
8.725,19.954,712.9332
8.75,19.0533,715.7102
8.775,18.5499,728.9251
8.8,18.5642,788.2006
8.825,20.0128,895.1645
8.85,21.3093,930.9787
8.875,20.8613,974.1665
8.9,18.9926,956.8339
8.925,16.735,936.1498
8.95,18.2259,977.8054
8.975,19.8319,974.5495
9,19.2189,976.9435
9.025,17.179,979.4333
9.05,15.7154,971.0064
9.075,13.8729,961.9092
9.1,11.7403,815.2049
9.125,10.9538,790.1158
9.15,11.3699,781.5931
9.175,12.0776,739.363
9.2,18.5124,740.4163
9.225,19.2756,866.5322
9.25,19.5034,930.2126
9.275,19.8461,976.4647
9.3,18.4194,993.0312
9.325,18.1478,1052.3066
9.35,16.8551,1094.2495
9.375,14.9387,1035.5486
9.4,14.1588,988.0517
9.425,14.3287,979.8163
9.45,16.2138,941.0335
9.475,20.2174,872.1821
9.5,21.6309,853.0301
9.525,22.5871,897.367
9.55,22.0101,902.921
9.575,19.9874,886.163
9.6,18.0011,897.9415
9.625,17.6171,887.1206
9.65,18.2249,879.8429
9.675,19.6211,858.8714
9.7,22.047,847.093
9.725,23.1245,838.283
9.75,23.5531,833.0162
9.775,23.5835,825.1639
9.8,23.7894,834.8357
9.825,24.1394,863.0849
9.85,24.5359,884.1521
9.875,24.8601,903.9744
9.9,25.1207,931.1702
9.925,25.3608,946.8749
9.95,25.7537,957.217
9.975,26.4053,978.8587
10,27.5773,1012.4705
10.025,28.4152,1048.189
10.05,28.6484,1055.8498
10.075,28.0677,867.5856
10.1,26.7342,824.9724
10.125,24.6664,809.172
10.15,23.4636,784.1786
10.175,22.4049,761.9623
10.2,21.3461,751.9075
10.225,21.292,752.4821
10.25,21.3971,759.5683
10.275,21.7087,766.3673
10.3,22.2057,768.091
10.325,22.3746,781.4016
10.35,22.4224,789.637
10.375,22.3805,793.6589
10.4,22.2339,803.4264
10.425,21.9846,800.6494
10.45,21.8754,800.2663
10.475,22.0516,799.8833
10.5,22.4328,799.8833
10.525,22.3452,808.2144
10.55,22.426,813.8642
10.575,22.495,818.6522
10.6,22.7579,817.4074
10.625,23.1005,818.5565
10.65,23.2983,821.6208
10.675,23.5171,810.5126
10.7,23.4849,788.1048
10.725,23.5346,772.2086
10.75,23.6816,773.1662
10.775,23.9198,782.1677
10.8,24.1127,793.2758
10.825,25.1445,802.7561
10.85,26.2136,818.4607
10.875,27.0471,837.517
10.9,26.2366,836.0806
10.925,25.1418,830.4307
10.95,24.2393,822.6742
10.975,23.185,801.99
11,22.3886,770.485
11.025,22.3081,752.3863
11.05,23.0653,762.0581
11.075,23.88,765.697
11.1,23.3845,757.5574
11.125,21.7588,729.4997
11.15,20.7394,713.795
11.175,20.2127,693.3024
11.2,19.72,695.6964
11.225,19.8097,724.5202
11.25,19.6906,730.2658
11.275,19.6677,744.917
11.3,20.5252,799.5002
11.325,21.0434,829.3774
11.35,20.0504,826.6961
11.375,17.6316,822.1954
11.4,17.2927,837.1339
11.425,19.4224,837.7085
11.45,20.0724,816.2582
11.475,20.6957,789.8285
11.5,21.0629,814.6303
11.525,21.0707,846.9014
11.55,20.0291,858.2969
11.575,19.2679,895.4518
11.6,19.0039,917.0935
11.625,20.9694,907.4218
11.65,22.383,959.8982
11.675,23.8755,1046.4653
11.7,24.464,1117.9022
11.725,23.1021,1111.7736
11.75,21.5267,1063.5106
11.775,21.8143,1061.4996
11.8,21.7575,1047.5186
11.825,20.4662,972.5386
11.85,20.0467,913.0716
11.875,20.5815,902.6338
11.9,21.0709,911.9225
11.925,20.9065,910.3903
11.95,20.5626,889.0358
11.975,20.5984,854.9453
12,20.5076,817.0243
12.025,20.4617,684.8755
12.05,20.96,675.108
12.075,21.4641,668.9794
12.1,21.7009,688.8974
12.125,22.4776,785.5193
12.15,23.5099,819.8014
12.175,22.4588,840.9643
12.2,17.8049,870.3626
12.225,13.671,853.5089
12.25,13.4854,819.9929
12.275,13.5888,778.7203
12.3,15.1722,729.3082
12.325,18.3625,750.1838
12.35,21.6555,802.7561
12.375,24.377,815.6837
12.4,24.6906,887.791
12.425,22.9044,1018.5991
12.45,20.866,1036.219
12.475,20.5434,1035.8359
12.5,15.9968,1015.1518
12.525,15.4829,975.0283
12.55,16.4261,969.3785
12.575,17.195,895.5475
12.6,19.6716,810.8957
12.625,22.3677,818.5565
12.65,23.1373,996.6701
12.675,24.657,1080.7474
12.7,23.0222,1185.03
12.725,21.4556,1395.702
12.75,22.0756,1488.2062
12.775,23.8709,1518.6578
12.8,25.6147,1527.755
12.825,29.6059,1663.5427
12.85,30.3078,1651.5727
12.875,28.6364,1533.4049
12.9,28.1162,1522.4882
12.925,29.999,1634.0486
12.95,27.4278,1560.505
12.975,22.2087,1544.513
13,17.9602,1443.199
13.025,17.2411,1478.4386
13.05,18.8592,907.0387
13.075,20.2223,694.3558
13.1,18.6488,481.6728
13.125,14.7368,648.1037
13.15,15.6336,739.4587
13.175,14.2236,752.5778
13.2,11.9862,706.1342
13.225,10.2321,689.9508
13.25,10.5319,637.7616
13.275,12.8339,601.7558
13.3,16.4448,632.5906
13.325,18.7681,691.6745
13.35,19.8547,715.423
13.375,20.7942,728.9251
13.4,21.8754,738.2138
13.425,22.5089,747.8856
13.45,22.6047,751.333
13.475,22.487,757.1743
13.5,21.6859,818.6522
13.525,21.1877,848.0506
13.55,21.0332,878.4065
13.575,20.9811,916.519
13.6,20.0269,931.8406
13.625,19.5447,928.489
13.65,18.9149,905.7938
13.675,17.801,889.7062
13.7,17.2615,868.9262
13.725,16.8518,809.2678
13.75,17.4182,768.1867
13.775,18.348,757.4616
13.8,20.1331,799.596
13.825,21.0164,892.6747
13.85,19.8746,915.5614
13.875,16.8471,932.0321
13.9,13.6476,916.8062
13.925,11.7774,936.054
13.95,12.7799,893.9196
13.975,14.241,816.6413
14,14.8472,761.1962
14.025,15.8888,760.4302
14.05,17.5987,819.3226
14.075,18.7166,852.647
14.1,18.2328,838.0915
14.125,17.1936,823.6318
14.15,16.8527,944.0978
14.175,17.4996,959.611
14.2,19.246,971.6767
14.225,19.1856,991.7863
14.25,17.2831,957.0254
14.275,17.8611,939.4056
14.3,18.9275,941.1293
14.325,19.1905,933.3727
14.35,17.2914,932.2236
14.375,16.6821,937.3946
14.4,15.9146,924.8501
14.425,15.4289,915.5614
14.45,15.2222,895.5475
14.475,14.1671,890.6638
14.5,13.7446,888.7486
14.525,13.5698,875.3422
14.55,13.0526,826.4088
14.575,12.4135,806.778
14.6,12.3346,795.2868
14.625,12.2546,762.7284
14.65,12.5949,742.14
14.675,12.9191,724.8074
14.7,13.4182,703.5487
14.725,14.4627,709.3901
14.75,15.1533,712.7417
14.775,15.8655,709.4858
14.8,17.6719,737.8308
14.825,19.5114,772.2086
14.85,20.3189,804.001
14.875,18.2751,766.5588
14.9,14.0384,718.1042
14.925,12.5886,711.8798
14.95,12.5216,655.573
14.975,13.7535,626.3662
15,13.8273,626.6534
15.025,14.6585,695.3134
15.05,15.469,742.8103
15.075,15.9732,715.423
15.1,15.2143,688.0356
15.125,14.9826,689.3762
15.15,15.3558,700.6759
15.175,17.0006,724.9032
15.2,18.2404,722.0304
15.225,19.004,723.9456
15.25,19.6783,718.9661
15.275,20.4939,728.2548
15.3,20.9795,746.7365
15.325,21.2553,768.5698
15.35,21.1957,784.0829
15.375,20.6068,792.7013
15.4,19.8511,778.2415
15.425,18.9466,763.7818
15.45,18.4499,758.9938
15.475,18.5896,727.2972
15.5,18.7033,711.1138
15.525,18.8262,714.8484
15.55,18.8579,720.594
15.575,18.8993,730.3615
15.6,18.846,735.8198
15.625,18.997,730.6488
15.65,19.2722,731.2234
15.675,19.4958,728.7336
15.7,19.7708,734.575
15.725,19.7883,740.4163
15.75,19.3976,789.3497
15.775,19.2274,805.0543
15.8,18.8866,778.433
15.825,18.5982,776.7094
15.85,19.132,771.3468
15.875,20.008,766.9418
15.9,20.1321,767.0376
15.925,19.854,768.9528
15.95,20.1245,774.8899
15.975,20.6099,773.7408
16,20.9649,793.4674
16.025,21.2407,796.7232
16.05,21.8933,804.001
16.075,20.1107,754.0142
16.1,15.8626,704.1233
16.125,15.0228,747.311
16.15,15.6752,811.183
16.175,15.6531,820.4717
16.2,13.7729,831.0053
16.225,12.8245,840.1982
16.25,12.7409,844.699
16.275,12.5707,805.1501
16.3,13.6534,798.6384
16.325,14.4161,814.6303
16.35,15.0879,818.2692
16.375,15.6327,808.4059
16.4,15.6685,804.001
16.425,16.3645,825.7385
16.45,16.5974,843.3583
16.475,15.9231,840.9643
16.5,15.5434,812.2363
16.525,15.7496,773.1662
16.55,16.2632,712.1671
16.575,17.1627,654.3281
16.6,18.396,633.5482
16.625,19.2488,641.8793
16.65,18.3925,684.7798
16.675,16.5714,712.1671
16.7,14.9494,702.1123
16.725,12.132,703.836
16.75,11.7436,705.2724
16.775,12.5958,677.5978
16.8,14.058,620.8121
16.825,16.0109,622.1527
16.85,18.1176,670.0327
16.875,19.7909,678.0766
16.9,19.7304,681.1409
16.925,19.9984,691.0042
16.95,20.5849,719.6364
16.975,19.1331,713.6035
17,15.0745,693.3982
17.025,13.0165,563.7391
17.05,12.0211,527.3503
17.075,11.9618,487.8972
17.1,13.6127,492.781
17.125,14.9754,508.2941
17.15,15.411,520.8386
17.175,15.3542,545.9278
17.2,15.4975,559.6214
17.225,15.9807,562.8773
17.25,16.1516,565.7501
17.275,16.8922,576.8582
17.3,17.2799,590.5519
17.325,17.4686,586.0512
17.35,17.986,598.9788
17.375,18.72,607.5972
17.4,19.69,615.641
17.425,20.4418,634.6015
17.45,20.8785,649.3486
17.475,20.9722,667.7345
17.5,20.9887,696.5582
17.525,21.2717,711.7841
17.55,20.9481,753.5354
17.575,20.5493,783.221
17.6,20.6191,812.5236
17.625,20.7958,838.5703
17.65,21.1454,856.9562
17.675,20.9644,865.5746
17.7,20.7016,866.628
17.725,21.0399,869.6923
17.75,20.6747,897.367
17.775,20.7097,978.3799
17.8,20.2434,1026.3557
17.825,18.375,1054.7006
17.85,16.4367,1142.6083
17.875,15.8551,1187.807
17.9,16.1433,1209.5446
17.925,16.2654,1167.5059
17.95,16.0697,1119.9132
17.975,15.3203,1080.6516
18,14.4583,1036.1232
18.025,13.6631,992.6482
18.05,14.0052,917.8596
18.075,15.0557,819.131
18.1,15.8492,741.9485
18.125,16.4224,662.5634
18.15,16.7372,584.4233
18.175,15.8849,531.3722
18.2,14.7468,497.569
18.225,14.6896,511.8372
18.25,14.6323,518.5404
18.275,13.7342,518.6362
18.3,13.2998,544.2998
18.325,13.5458,551.1946
18.35,13.9812,572.9321
18.375,14.3626,586.147
18.4,15.8837,588.2537
18.425,17.5741,587.2003
18.45,17.9707,573.6982
18.475,18.5339,567.9526
18.5,19.6744,574.4642
18.525,22.2174,619.663
18.55,24.1034,661.3186
18.575,26.7837,724.5202
18.6,28.7916,781.5931
18.625,30.356,815.7794
18.65,31.2438,834.4526
18.675,31.6267,837.9958
18.7,31.2219,840.5813
18.725,30.529,848.8166
18.75,30.0144,850.5403
18.775,29.6556,861.0739
18.8,29.0036,886.9291
18.825,27.9299,914.6995
18.85,25.1885,946.9706
18.875,24.1711,945.247
18.9,23.6958,933.3727
18.925,20.7179,922.073
18.95,17.8603,924.3713
18.975,14.4788,915.0826
19,12.5637,866.3407
19.025,12.4912,845.9438
19.05,12.843,841.8262
19.075,14.0833,851.6894
19.1,15.0206,885.4927
19.125,14.4734,925.3289
19.15,13.1607,943.1402
19.175,13.5813,942.853
19.2,17.4787,930.883
19.225,18.3747,872.7566
19.25,18.2182,804.384
19.275,17.8124,707.6664
19.3,17.5442,608.5548
19.325,17.1115,527.4461
19.35,16.5752,457.3498
19.375,16.0499,437.9105
19.4,15.6015,428.2387
19.425,14.9614,431.8776
19.45,13.7248,445.7628
19.475,11.4837,445.284
19.5,10.3694,479.9491
19.525,10.9798,512.0287
19.55,13.8055,519.6895
19.575,20.6604,548.3218
19.6,27.5691,598.9788
19.625,30.5865,641.7835
19.65,31.3469,664.7659
19.675,31.4693,646.2842
19.7,30.6296,642.9326
19.725,29.9681,650.5934
19.75,29.3226,666.2023
19.775,28.6444,663.521
19.8,28.1551,635.3676
19.825,27.5931,609.1294
19.85,26.671,562.4942
19.875,25.577,522.9454
19.9,24.3349,482.7262
19.925,22.8626,436.3783
19.95,20.0577,393.6694
19.975,16.5077,394.1482
20,12.9933,387.445
20.025,10.4528,368.293
20.05,9.3171,370.3039
20.075,8.0093,389.4559
20.1,9.047,408.5122
20.125,12.8454,448.7314
20.15,16.854,484.8329
20.175,19.2582,535.3942
20.2,20.1494,638.3362
20.225,20.5572,648.5825
20.25,21.2392,509.7305
20.275,22.3778,440.6875
20.3,25.3635,332.6702
20.325,29.3274,268.511
20.35,33.5511,244.3795
20.375,35.3178,232.3138
20.4,30.8481,299.3458
20.425,27.7678,353.3544
20.45,26.458,352.6841
20.475,25.5768,364.271
20.5,21.0937,460.6056
20.525,17.3847,526.5842
20.55,15.0715,591.2222
20.575,13.6886,620.8121
20.6,10.3224,611.3318
20.625,8.6408,590.935
20.65,9.2153,580.4014
20.675,11.655,544.7786
20.7,15.347,521.509
20.725,17.1682,483.7795
20.75,18.2957,473.2459
20.775,18.9594,484.8329
20.8,19.9967,469.3198
20.825,22.254,395.01
20.85,26.8886,374.7089
20.875,32.555,354.4078
20.9,40.6826,268.2238
20.925,42.4218,230.1113
20.95,44.8765,181.0822
20.975,43.9168,211.8211
21,40.4794,302.027
21.025,35.8594,310.9327
21.05,33.949,321.2748
21.075,28.1202,335.16
21.1,24.6776,349.0452
21.125,23.7596,398.2658
21.15,21.5306,485.3117
21.175,23.8422,524.669
21.2,26.154,424.5041
21.225,36.149,324.3391
21.25,42.1968,332.766
21.275,43.1039,377.5817
21.3,44.6026,396.9252
21.325,46.1013,305.5702
21.35,46.1759,400.4683
21.375,43.7219,307.1981
21.4,44.2933,283.9284
21.425,36.618,262.7654
21.45,36.4206,282.7793
21.475,21.4157,394.4354
21.5,16.9135,426.0362
21.525,15.9181,351.4392
21.55,11.8496,363.4092
21.575,6.2425,350.5774
21.6,4.8101,293.8874
21.625,4.6684,328.7441
21.65,9.034,240.4534
21.675,20.7223,461.5632
21.7,22.9154,511.933
21.725,26.3138,418.0882
21.75,27.2278,382.9442
21.775,33.457,561.9197
21.8,32.1191,563.6434
21.825,26.8641,665.915
21.85,19.2734,626.7492
21.875,11.9258,578.1031
21.9,8.9112,506.4746
21.925,6.4859,434.3674
21.95,6.8634,361.3025
21.975,8.635,273.3948
22,9.1678,263.1485
22.025,8.7678,270.139
22.05,7.1045,248.1142
22.075,5.559,222.5462
22.1,4.9058,195.3504
22.125,4.3088,174.0917
22.15,4.5907,155.1312
22.175,4.3419,132.9149
22.2,4.0733,116.0611
22.225,3.9585,99.3989
22.25,3.8314,85.7052
22.275,3.7085,80.3426
22.3,3.5597,77.4698
22.325,3.4503,76.7995
22.35,3.4064,73.2564
22.375,3.434,72.7776
22.4,3.4761,72.4903
22.425,3.4817,72.2988
22.45,3.5123,71.6285
22.475,3.5589,72.203
22.5,3.5897,73.2564
22.525,3.7978,79.8638
22.55,3.9756,97.9625
22.575,4.1994,106.6766
22.6,4.8292,113.2841
22.625,5.2449,115.7738
22.65,5.4772,139.9054
22.675,5.4174,169.8782
22.7,5.318,193.4352
22.725,7.0096,201.096
22.75,10.4331,205.884
22.775,12.0021,211.6296
22.8,12.8482,243.9007
22.825,13.5251,292.9298
22.85,13.0692,331.8084
22.875,11.3646,368.1014
22.9,10.0139,447.678
22.925,10.5333,504.0806
22.95,15.4232,555.5995
22.975,20.2118,686.7907
23,21.4507,807.5441
23.025,21.7861,934.8091
23.05,22.3207,741.6612
23.075,22.7874,696.5582
23.1,22.6169,696.0794
23.125,23.1396,795.4783
23.15,24.7971,855.6156
23.175,26.4639,922.7434
23.2,28.0224,1018.1203
23.225,26.8093,1114.6464
23.25,26.0105,1201.9795
23.275,25.6041,1281.0773
23.3,23.8519,1332.7877
23.325,21.2094,1353.4718
23.35,18.3088,1353.3761
23.375,16.4903,1326.276
23.4,15.4048,1320.4346
23.425,15.3696,1329.6276
23.45,15.4557,1343.034
23.475,15.8976,1362.8563
23.5,16.6891,1378.6567
23.525,16.9682,1409.9702
23.55,17.0343,1417.8226
23.575,17.198,1455.3605
23.6,17.4039,1503.9108
23.625,17.6167,1502.0914
23.65,17.9436,1496.3458
23.675,18.083,1467.905
23.7,17.0063,1419.0674
23.725,16.2821,1373.4857
23.75,15.3891,1283.3755
23.775,14.4379,1165.495
23.8,14.2929,1094.7283
23.825,14.0105,1025.9726
23.85,13.4568,994.5634
23.875,12.9061,984.1255
23.9,12.6256,983.0722
23.925,12.2272,965.9311
23.95,12.0579,916.8062
23.975,11.7566,882.5242
24,12.012,859.2545
24.025,12.597,576.954
24.05,13.4349,294.6535
24.075,16.5425,429.6751
24.1,20.7213,538.65
24.125,17.5753,683.7264
24.15,15.9552,809.0762
24.175,14.2277,923.6052
24.2,13.3243,983.1679
24.225,12.8775,886.9291
24.25,13.173,852.7428
24.275,14.0199,884.2478
24.3,14.7449,903.2083
24.325,14.0719,904.932
24.35,13.1935,902.2507
24.375,12.5913,886.163
24.4,12.5591,889.6104
24.425,12.5591,861.84
24.45,12.4388,840.9643
24.475,12.0244,750.7584
24.5,11.9175,729.787
24.525,11.9347,732.181
24.55,11.9512,753.3439
24.575,11.9337,752.2906
24.6,12.3677,770.868
24.625,13.191,804.384
24.65,13.3969,820.9505
24.675,13.8843,880.0344
24.7,14.1408,922.7434
24.725,13.6241,901.8677
24.75,12.6739,862.0315
24.775,11.0286,815.3006
24.8,10.4338,721.0728
24.825,10.205,649.6358
24.85,10.4633,618.8969
24.875,11.2305,659.5949
24.9,12.2577,736.6817
24.925,13.1826,855.3283
24.95,14.3524,969.4742
24.975,15.4772,1096.6435
25,15.9744,1147.3963
25.025,14.0827,1101.1442
25.05,12.1183,1062.1699
25.075,10.7045,937.3946
25.1,9.649,748.6517
25.125,8.8559,645.2309
25.15,8.4924,583.753
25.175,7.5651,536.0645
25.2,6.9316,517.8701
25.225,6.4922,458.2116
25.25,6.3094,421.9186
25.275,6.164,400.5641
25.3,5.9968,327.2119
25.325,5.6825,288.9079
25.35,5.5541,272.4372
25.375,5.4946,281.7259
25.4,5.5036,288.3334
25.425,5.613,294.079
25.45,5.6917,298.9627
25.475,5.7719,313.997
25.5,5.8179,324.2434
25.525,5.8613,318.019
25.55,6.0723,303.7507
25.575,6.4826,322.5197
25.6,6.7546,339.1819
25.625,7.9128,354.1205
25.65,7.7626,366.4735
25.675,7.1559,379.2096
25.7,6.343,380.263
25.725,5.7712,359.8661
25.75,5.5107,324.0518
25.775,5.4807,308.7302
25.8,5.5064,292.2595
25.825,5.4872,276.6506
25.85,5.5704,247.8269
25.875,5.6293,245.0498
25.9,5.5745,254.7216
25.925,5.6214,256.9241
25.95,5.8479,248.6887
25.975,5.8564,260.1799
26,5.7853,274.3524
26.025,5.7202,273.8736
26.05,5.8349,263.5315
26.075,5.8588,227.047
26.1,5.9035,216.3218
26.125,6.0438,205.6925
26.15,6.3057,224.8445
26.175,7.3982,267.0746
26.2,8.276,322.6154
26.225,8.6516,372.4106
26.25,9.4323,421.0567
26.275,10.0598,448.9229
26.3,10.0729,463.5742
26.325,10.0485,471.7138
26.35,10.2811,474.012
26.375,10.5865,474.1078
26.4,11.6179,481.8643
26.425,12.6682,516.5294
26.45,13.3107,576.0922
26.475,13.2611,657.8712
26.5,13.2136,732.181
26.525,13.229,819.8014
26.55,13.8612,944.6724
26.575,14.7579,1027.026
26.6,15.7506,1178.7098
26.625,17.0874,1344.3746
26.65,18.3247,1469.3414
26.675,18.3165,1542.119
26.7,16.9285,1631.3674
26.725,16.1643,1811.2046
26.75,15.8648,1848.6468
26.775,16.4007,1757.7706
26.8,18.0974,1039.1875
26.825,21.0768,742.8103
26.85,23.1963,697.3243
26.875,25.2564,859.829
26.9,22.5563,1022.3338
26.925,19.8561,1184.8385
26.95,19.5269,1427.6858
26.975,19.3824,1640.273
27,19.3993,1662.7766
27.025,19.3059,1685.376
27.05,20.0124,0
27.075,25.036,0
27.1,40.8502,0
27.125,52.6791,0